{"cameraMode":{"drawMode":0,"name":"Shaded","section":"Shading Mode"},"sceneLighting":true,"audioPlay":false,"sceneViewState":{"showFog":true,"showMaterialUpdate":false,"showSkybox":true,"showFlares":true,"showImageEffects":true,"showParticleSystems":true},"in2DMode":false,"pivot":{"x":-5.985516548156738,"y":6.155713081359863,"z":-0.7421913146972656},"rotation":{"x":0.05107200890779495,"y":-0.09095432609319687,"z":0.004702703561633825,"w":0.9945784211158752},"size":9.959541320800782,"orthographic":false}