{"cameraMode":{"drawMode":0,"name":"Shaded","section":"Shading Mode"},"sceneLighting":false,"audioPlay":false,"sceneViewState":{"showFog":true,"showMaterialUpdate":false,"showSkybox":true,"showFlares":true,"showImageEffects":true,"showParticleSystems":true},"in2DMode":false,"pivot":{"x":1.869033932685852,"y":1.7453984022140504,"z":2.110306978225708},"rotation":{"x":0.2047835886478424,"y":-0.6716318130493164,"z":0.20138996839523316,"w":0.6830028891563416},"size":3.7188332080841066,"orthographic":false}